[{"action": "pressed_key", "key": "cmd", "time": 1709462262.5026128, "duration": 0}, {"action": "released_key", "key": "cmd", "time": 1709462262.5681527, "duration": 0.06553983688354492}, {"action": "pressed_key", "key": "n", "time": 1709462262.9455097, "duration": 0.37735700607299805}, {"action": "released_key", "key": "n", "time": 1709462263.0244987, "duration": 0.07898902893066406}, {"action": "pressed_key", "key": "o", "time": 1709462263.1134968, "duration": 0.08899807929992676}, {"action": "released_key", "key": "o", "time": 1709462263.1915014, "duration": 0.07800459861755371}, {"action": "pressed_key", "key": "t", "time": 1709462263.1944964, "duration": 0.002995014190673828}, {"action": "pressed_key", "key": "e", "time": 1709462263.2364986, "duration": 0.042002201080322266}, {"action": "released_key", "key": "t", "time": 1709462263.277497, "duration": 0.04099845886230469}, {"action": "released_key", "key": "e", "time": 1709462263.3014963, "duration": 0.02399921417236328}, {"action": "pressed_key", "key": "p", "time": 1709462263.320498, "duration": 0.01900172233581543}, {"action": "released_key", "key": "p", "time": 1709462263.3974957, "duration": 0.07699775695800781}, {"action": "pressed_key", "key": "a", "time": 1709462263.4444962, "duration": 0.04700040817260742}, {"action": "pressed_key", "key": "d", "time": 1709462263.5204968, "duration": 0.07600069046020508}, {"action": "released_key", "key": "a", "time": 1709462263.5525002, "duration": 0.03200340270996094}, {"action": "released_key", "key": "d", "time": 1709462263.5944974, "duration": 0.04199719429016113}, {"action": "pressed_key", "key": "enter", "time": 1709462264.3813303, "duration": 0.7868328094482422}, {"action": "released_key", "key": "enter", "time": 1709462264.4298906, "duration": 0.048560380935668945}, {"action": "pressed_key", "key": "t", "time": 1709462266.3530703, "duration": 1.9231796264648438}, {"action": "pressed_key", "key": "h", "time": 1709462266.3956275, "duration": 0.0425572395324707}, {"action": "released_key", "key": "t", "time": 1709462266.408624, "duration": 0.012996435165405273}, {"action": "released_key", "key": "h", "time": 1709462266.4646595, "duration": 0.056035518646240234}, {"action": "pressed_key", "key": "i", "time": 1709462266.5563529, "duration": 0.09169340133666992}, {"action": "released_key", "key": "i", "time": 1709462266.624118, "duration": 0.0677652359008789}, {"action": "pressed_key", "key": "s", "time": 1709462266.6594832, "duration": 0.03536510467529297}, {"action": "pressed_key", "key": "space", "time": 1709462266.7113605, "duration": 0.05187726020812988}, {"action": "released_key", "key": "s", "time": 1709462266.7173553, "duration": 0.0059947967529296875}, {"action": "released_key", "key": "space", "time": 1709462266.7789142, "duration": 0.06155896186828613}, {"action": "pressed_key", "key": "s", "time": 1709462266.810788, "duration": 0.03187370300292969}, {"action": "pressed_key", "key": "space", "time": 1709462266.8622866, "duration": 0.0514986515045166}, {"action": "released_key", "key": "s", "time": 1709462266.8729472, "duration": 0.010660648345947266}, {"action": "released_key", "key": "space", "time": 1709462266.9449484, "duration": 0.07200121879577637}, {"action": "pressed_key", "key": "a", "time": 1709462266.996415, "duration": 0.05146646499633789}, {"action": "released_key", "key": "a", "time": 1709462267.0682926, "duration": 0.07187771797180176}, {"action": "pressed_key", "key": "space", "time": 1709462267.1823459, "duration": 0.11405324935913086}, {"action": "released_key", "key": "space", "time": 1709462267.2734087, "duration": 0.09106278419494629}, {"action": "pressed_key", "key": "r", "time": 1709462267.390676, "duration": 0.11726737022399902}, {"action": "pressed_key", "key": "e", "time": 1709462267.4340832, "duration": 0.04340720176696777}, {"action": "released_key", "key": "r", "time": 1709462267.4770763, "duration": 0.04299306869506836}, {"action": "released_key", "key": "e", "time": 1709462267.499853, "duration": 0.02277660369873047}, {"action": "pressed_key", "key": "c", "time": 1709462267.606646, "duration": 0.10679316520690918}, {"action": "released_key", "key": "c", "time": 1709462267.6811986, "duration": 0.07455253601074219}, {"action": "pressed_key", "key": "o", "time": 1709462267.7004626, "duration": 0.01926398277282715}, {"action": "released_key", "key": "o", "time": 1709462267.7633555, "duration": 0.06289291381835938}, {"action": "pressed_key", "key": "r", "time": 1709462267.7897024, "duration": 0.026346921920776367}, {"action": "released_key", "key": "r", "time": 1709462267.8648322, "duration": 0.07512974739074707}, {"action": "pressed_key", "key": "d", "time": 1709462267.93791, "duration": 0.07307791709899902}, {"action": "released_key", "key": "d", "time": 1709462268.01162, "duration": 0.07370996475219727}, {"action": "pressed_key", "key": "space", "time": 1709462268.1084173, "duration": 0.09679722785949707}, {"action": "released_key", "key": "space", "time": 1709462268.1973343, "duration": 0.08891701698303223}, {"action": "pressed_key", "key": "2", "time": 1709462268.2304108, "duration": 0.03307652473449707}, {"action": "released_key", "key": "2", "time": 1709462268.306449, "duration": 0.07603812217712402}, {"action": "pressed_key", "key": "space", "time": 1709462269.3201363, "duration": 1.0136873722076416}, {"action": "released_key", "key": "space", "time": 1709462269.3917885, "duration": 0.07165217399597168}, {"action": "pressed_key", "key": "shift", "time": 1709462269.4584408, "duration": 0.06665229797363281}, {"action": "pressed_key", "key": "ctrl_l", "time": 1709462269.4658267, "duration": 0.007385969161987305}, {"action": "pressed_key", "key": null, "time": 1709462269.5281029, "duration": 0.06227612495422363}, {"action": "released_key", "key": null, "time": 1709462269.593275, "duration": 0.06517219543457031}, {"action": "released_key", "key": "ctrl_l", "time": 1709462269.6859844, "duration": 0.09270930290222168}, {"action": "pressed_key", "key": ")", "time": 1709462270.0178955, "duration": 0.3319110870361328}, {"action": "released_key", "key": ")", "time": 1709462270.087819, "duration": 0.06992363929748535}, {"action": "released_key", "key": "shift", "time": 1709462270.2572234, "duration": 0.1694042682647705}, {"action": "pressed_key", "key": "backspace", "time": 1709462270.7505314, "duration": 0.49330806732177734}, {"action": "released_key", "key": "backspace", "time": 1709462270.8063731, "duration": 0.055841684341430664}, {"action": "pressed_key", "key": "backspace", "time": 1709462270.8749635, "duration": 0.06859040260314941}, {"action": "released_key", "key": "backspace", "time": 1709462270.931551, "duration": 0.05658745765686035}, {"action": "pressed_key", "key": "shift", "time": 1709462271.0030382, "duration": 0.0714871883392334}, {"action": "pressed_key", "key": ":", "time": 1709462271.0632145, "duration": 0.06017637252807617}, {"action": "released_key", "key": ":", "time": 1709462271.1379201, "duration": 0.07470560073852539}, {"action": "pressed_key", "key": ")", "time": 1709462271.2660065, "duration": 0.12808632850646973}, {"action": "released_key", "key": ")", "time": 1709462271.3226247, "duration": 0.05661821365356445}, {"action": "released_key", "key": "shift", "time": 1709462271.4003701, "duration": 0.07774543762207031}, {"action": "pressed_key", "key": "left", "time": 1709462272.2005434, "duration": 0.800173282623291}, {"action": "released_key", "key": "left", "time": 1709462272.2804062, "duration": 0.07986283302307129}, {"action": "pressed_key", "key": "left", "time": 1709462272.3666883, "duration": 0.08628201484680176}, {"action": "released_key", "key": "left", "time": 1709462272.4491427, "duration": 0.08245444297790527}, {"action": "pressed_key", "key": "space", "time": 1709462272.4604473, "duration": 0.011304616928100586}, {"action": "released_key", "key": "space", "time": 1709462272.5313232, "duration": 0.07087588310241699}, {"action": "pressed_key", "key": "right", "time": 1709462272.610454, "duration": 0.07913088798522949}, {"action": "released_key", "key": "right", "time": 1709462272.706841, "duration": 0.09638690948486328}, {"action": "pressed_key", "key": "right", "time": 1709462272.7920222, "duration": 0.08518123626708984}, {"action": "released_key", "key": "right", "time": 1709462272.8603287, "duration": 0.06830644607543945}, {"action": "pressed_key", "key": "alt_l", "time": 1709462274.0784438, "duration": 1.2181150913238525}, {"action": "pressed_key", "key": "f4", "time": 1709462274.1951947, "duration": 0.11675095558166504}, {"action": "released_key", "key": "f4", "time": 1709462274.2551901, "duration": 0.059995412826538086}, {"action": "released_key", "key": "alt_l", "time": 1709462274.2802057, "duration": 0.025015592575073242}, {"action": "pressed_key", "key": "right", "time": 1709462274.997383, "duration": 0.7171773910522461}, {"action": "released_key", "key": "right", "time": 1709462275.0682507, "duration": 0.07086753845214844}, {"action": "pressed_key", "key": "enter", "time": 1709462275.2306798, "duration": 0.1624290943145752}, {"action": "released_key", "key": "enter", "time": 1709462275.2849705, "duration": 0.054290771484375}]